Method	Test RMSE
OLSR	13.27181509078129
Ridge	12.809308439262153
Random Forest	11.93207205855468
