Method	Test RMSE
OLSR	12.53197977020802
Ridge	12.273016343551898
Random Forest	11.951067475686202
