Method	Test RMSE
Ridge	13.27181509078129
Lasso	12.809308439262153
Random Forest	11.93207205855468
